{"cameraMode":{"drawMode":0,"name":"Shaded","section":"Shading Mode"},"sceneLighting":false,"audioPlay":false,"sceneViewState":{"m_AlwaysRefresh":false,"showFog":true,"showSkybox":false,"showFlares":true,"showImageEffects":true,"showParticleSystems":true,"showVisualEffectGraphs":true,"m_FxEnabled":true},"in2DMode":false,"pivot":{"x":-72.70284271240235,"y":90.03406524658203,"z":-283.4974365234375},"rotation":{"x":-0.020961856469511987,"y":0.05905475839972496,"z":0.0012408408802002669,"w":0.9980390071868897},"size":0.824906051158905,"orthographic":false}